"Date","Price","Open","High","Low","Change %"
"Feb 15, 2023","20.085","20.085","20.085","20.085","-66.45%"
"Feb 14, 2023","59.870","20.070","20.070","20.070","0.03%"
"Feb 13, 2023","59.853","20.060","20.060","20.060","0.05%"
"Feb 10, 2023","59.823","20.030","20.030","20.030","0.03%"
"Feb 09, 2023","59.806","20.020","20.020","20.020","0.03%"
"Feb 08, 2023","59.790","20.010","20.010","20.010","-0.01%"
"Feb 07, 2023","59.793","19.995","19.995","19.995","0.03%"
"Feb 06, 2023","59.777","19.990","19.990","19.990","0.05%"
"Feb 03, 2023","59.747","19.955","19.955","19.955","0.03%"
"Feb 02, 2023","59.731","19.945","19.945","19.945","0.03%"
"Feb 01, 2023","59.715","19.940","19.940","19.940","-0.01%"
"Jan 31, 2023","59.718","19.925","19.925","19.925","0.03%"
"Jan 30, 2023","59.702","24.310","24.310","24.310","0.05%"
"Jan 27, 2023","59.674","24.270","24.270","24.270","145.98%"
"Jan 26, 2023","24.260","24.260","24.260","24.260","0.04%"
"Jan 25, 2023","24.250","24.250","24.250","24.250","0.04%"
"Jan 24, 2023","24.240","24.240","24.240","24.240","0.21%"
"Jan 20, 2023","24.190","24.190","24.190","24.190","0.08%"
"Jan 19, 2023","24.170","24.170","24.170","24.170","0.04%"
"Jan 18, 2023","24.160","24.160","24.160","24.160","0.04%"
"Jan 17, 2023","24.150","24.150","24.150","24.150","0.04%"
"Jan 16, 2023","24.140","24.140","24.140","24.140","0.17%"
"Jan 13, 2023","24.100","24.100","24.100","24.100","0.04%"
"Jan 12, 2023","24.090","24.090","24.090","24.090","0.08%"
"Jan 11, 2023","24.070","24.070","24.070","24.070","0.04%"
"Jan 10, 2023","24.060","24.060","24.060","24.060","0.00%"
"Jan 09, 2023","24.060","24.060","24.060","24.060","0.21%"
"Jan 06, 2023","24.010","24.010","24.010","24.010","0.04%"
"Jan 05, 2023","24.000","24.000","24.000","24.000","0.04%"
"Jan 04, 2023","23.990","23.990","23.990","23.990","0.08%"
"Jan 03, 2023","23.970","23.970","23.970","23.970","0.00%"
"Jan 02, 2023","23.970","23.970","23.970","23.970","0.17%"
"Dec 30, 2022","23.930","23.930","23.930","23.930","0.08%"
"Dec 29, 2022","23.910","23.910","23.910","23.910","0.04%"
"Dec 28, 2022","23.900","23.900","23.900","23.900","0.04%"
"Dec 27, 2022","23.890","23.890","23.890","23.890","0.00%"
"Dec 26, 2022","23.890","23.890","23.890","23.890","0.21%"
"Dec 23, 2022","23.840","23.840","23.840","23.840","0.04%"
"Dec 22, 2022","23.830","23.830","23.830","23.830","0.04%"
"Dec 21, 2022","23.820","23.820","23.820","23.820","0.08%"
"Dec 20, 2022","23.800","23.800","23.800","23.800","0.04%"
"Dec 19, 2022","23.790","23.790","23.790","23.790","-5.97%"
"Dec 16, 2022","25.300","25.300","25.300","25.300","0.04%"
"Dec 15, 2022","25.290","25.290","25.290","25.290","0.08%"
"Dec 14, 2022","25.270","25.270","25.270","25.270","0.04%"
"Dec 13, 2022","25.260","25.260","25.260","25.260","0.04%"
"Dec 12, 2022","25.250","25.250","25.250","25.250","0.16%"
"Dec 09, 2022","25.210","25.210","25.210","25.210","0.04%"
"Dec 08, 2022","25.200","25.200","25.200","25.200","0.08%"
"Dec 07, 2022","25.180","25.180","25.180","25.180","0.04%"
"Dec 06, 2022","25.170","25.170","25.170","25.170","0.04%"
"Dec 05, 2022","25.160","25.160","25.160","25.160","0.16%"
"Dec 02, 2022","25.120","25.120","25.120","25.120","0.04%"
"Dec 01, 2022","25.110","25.110","25.110","25.110","0.08%"
"Nov 30, 2022","25.090","25.090","25.090","25.090","0.04%"
"Nov 29, 2022","25.080","25.080","25.080","25.080","0.04%"
"Nov 28, 2022","25.070","25.070","25.070","25.070","0.16%"
"Nov 25, 2022","25.030","25.030","25.030","25.030","0.04%"
"Nov 24, 2022","25.020","25.020","25.020","25.020","0.04%"
"Nov 23, 2022","25.010","25.010","25.010","25.010","0.08%"
"Nov 22, 2022","24.990","24.990","24.990","24.990","0.04%"
"Nov 21, 2022","24.980","24.980","24.980","24.980","0.16%"
"Nov 18, 2022","24.940","24.940","24.940","24.940","0.04%"
"Nov 17, 2022","24.930","24.930","24.930","24.930","0.04%"
"Nov 16, 2022","24.920","24.920","24.920","24.920","0.08%"
"Nov 15, 2022","24.900","24.900","24.900","24.900","-6.21%"
"Nov 14, 2022","26.550","26.550","26.550","26.550","0.15%"
"Nov 11, 2022","26.510","26.510","26.510","26.510","0.04%"
"Nov 10, 2022","26.500","26.500","26.500","26.500","0.04%"
"Nov 09, 2022","26.490","26.490","26.490","26.490","0.08%"
"Nov 08, 2022","26.470","26.470","26.470","26.470","0.04%"
"Nov 07, 2022","26.460","26.460","26.460","26.460","0.15%"
"Nov 04, 2022","26.420","26.420","26.420","26.420","0.04%"
"Nov 03, 2022","26.410","26.410","26.410","26.410","0.08%"
"Nov 02, 2022","26.390","26.390","26.390","26.390","0.04%"
"Nov 01, 2022","26.380","26.380","26.380","26.380","0.04%"
"Oct 31, 2022","26.370","26.370","26.370","26.370","0.15%"
"Oct 28, 2022","26.330","26.330","26.330","26.330","0.08%"
"Oct 27, 2022","26.310","26.310","26.310","26.310","0.04%"
"Oct 26, 2022","26.300","26.300","26.300","26.300","0.04%"
"Oct 25, 2022","26.290","26.290","26.290","26.290","0.08%"
"Oct 24, 2022","26.270","26.270","26.270","26.270","0.15%"
"Oct 21, 2022","26.230","26.230","26.230","26.230","0.04%"
"Oct 20, 2022","26.220","26.220","26.220","26.220","0.04%"
"Oct 19, 2022","26.210","26.210","26.210","26.210","0.08%"
"Oct 18, 2022","26.190","26.190","26.190","26.190","0.04%"
"Oct 17, 2022","26.180","26.180","26.180","26.180","0.00%"
"Oct 14, 2022","26.180","26.180","26.180","26.180","0.19%"
"Oct 13, 2022","26.130","26.130","26.130","26.130","0.04%"
"Oct 12, 2022","26.120","26.120","26.120","26.120","0.08%"
"Oct 11, 2022","26.100","26.100","26.100","26.100","0.04%"
"Oct 10, 2022","26.090","26.090","26.090","26.090","0.15%"
"Oct 07, 2022","26.050","26.050","26.050","26.050","0.04%"
"Oct 06, 2022","26.040","26.040","26.040","26.040","0.08%"
"Oct 05, 2022","26.020","26.020","26.020","26.020","0.04%"
"Oct 04, 2022","26.010","26.010","26.010","26.010","0.04%"
"Oct 03, 2022","26.000","26.000","26.000","26.000","0.15%"
"Sep 30, 2022","25.960","25.960","25.960","25.960","0.04%"
"Sep 29, 2022","25.950","25.950","25.950","25.950","0.08%"
"Sep 28, 2022","25.930","25.930","25.930","25.930","0.04%"
"Sep 27, 2022","25.920","25.920","25.920","25.920","0.04%"
"Sep 26, 2022","25.910","25.910","25.910","25.910","0.15%"
"Sep 23, 2022","25.870","25.870","25.870","25.870","0.04%"
"Sep 22, 2022","25.860","25.860","25.860","25.860","0.08%"
"Sep 21, 2022","25.840","25.840","25.840","25.840","0.08%"
"Sep 19, 2022","25.820","25.820","25.820","25.820","0.16%"
"Sep 16, 2022","25.780","25.780","25.780","25.780","0.04%"
"Sep 15, 2022","25.770","25.770","25.770","25.770","0.04%"
"Sep 14, 2022","25.760","25.760","25.760","25.760","0.08%"
"Sep 13, 2022","25.740","25.740","25.740","25.740","0.04%"
"Sep 12, 2022","25.730","25.730","25.730","25.730","0.16%"
"Sep 09, 2022","25.690","25.690","25.690","25.690","0.04%"
"Sep 08, 2022","25.680","25.680","25.680","25.680","0.04%"
"Sep 07, 2022","25.670","25.670","25.670","25.670","0.08%"
"Sep 06, 2022","25.650","25.650","25.650","25.650","0.04%"
"Sep 05, 2022","25.640","25.640","25.640","25.640","0.16%"
"Sep 02, 2022","25.600","25.600","25.600","25.600","0.04%"
"Sep 01, 2022","25.590","25.590","25.590","25.590","0.04%"
"Aug 31, 2022","25.580","25.580","25.580","25.580","0.04%"
"Aug 30, 2022","25.570","25.570","25.570","25.570","0.08%"
"Aug 29, 2022","25.550","25.550","25.550","25.550","0.12%"
"Aug 26, 2022","25.520","25.520","25.520","25.520","0.08%"
"Aug 25, 2022","25.500","25.500","25.500","25.500","0.00%"
"Aug 24, 2022","25.500","25.500","25.500","25.500","0.08%"
"Aug 23, 2022","25.480","25.480","25.480","25.480","0.04%"
"Aug 22, 2022","25.470","25.470","25.470","25.470","0.16%"
"Aug 19, 2022","25.430","25.430","25.430","25.430","0.04%"
"Aug 18, 2022","25.420","25.420","25.420","25.420","0.04%"
"Aug 17, 2022","25.410","25.410","25.410","25.410","0.08%"
"Aug 16, 2022","25.390","25.390","25.390","25.390","0.04%"
"Aug 15, 2022","25.380","25.380","25.380","25.380","0.16%"
"Aug 12, 2022","25.340","25.340","25.340","25.340","0.04%"
"Aug 11, 2022","25.330","25.330","25.330","25.330","-49.34%"
"Aug 10, 2022","50.000","50.000","50.000","50.000","0.00%"
"Aug 09, 2022","50.000","50.000","50.000","50.000","0.00%"
"Aug 08, 2022","50.000","50.000","50.000","50.000","0.00%"
"Aug 05, 2022","50.000","50.000","50.000","50.000","0.00%"
"Aug 04, 2022","50.000","50.000","50.000","50.000","0.00%"
"Aug 03, 2022","50.000","50.000","50.000","50.000","0.00%"
"Aug 02, 2022","50.000","50.000","50.000","50.000","0.00%"
"Aug 01, 2022","50.000","50.000","50.000","50.000","0.00%"
"Jul 29, 2022","50.000","50.000","50.000","50.000","0.00%"
"Jul 28, 2022","50.000","50.000","50.000","50.000","0.00%"
"Jul 27, 2022","50.000","50.000","50.000","50.000","0.00%"
"Jul 26, 2022","50.000","50.000","50.000","50.000","0.00%"
"Jul 25, 2022","50.000","50.000","50.000","50.000","0.00%"
"Jul 22, 2022","50.000","50.000","50.000","50.000","0.00%"
"Jul 21, 2022","50.000","50.000","50.000","50.000","0.00%"
"Jul 20, 2022","50.000","50.000","50.000","50.000","0.00%"
"Jul 19, 2022","50.000","50.000","50.000","50.000","0.00%"
"Jul 18, 2022","50.000","50.000","50.000","50.000","0.00%"
"Jul 15, 2022","50.000","50.000","50.000","50.000","0.00%"
"Jul 14, 2022","50.000","50.000","50.000","50.000","0.00%"
"Jul 13, 2022","50.000","50.000","50.000","50.000","25.00%"
"Jul 12, 2022","40.000","40.000","40.000","40.000","0.00%"
"Jul 11, 2022","40.000","40.000","40.000","40.000","0.00%"
"Jul 08, 2022","40.000","40.000","40.000","40.000","0.00%"
"Jul 07, 2022","40.000","40.000","40.000","40.000","0.00%"
"Jul 06, 2022","40.000","40.000","40.000","40.000","0.00%"
"Jul 05, 2022","40.000","40.000","40.000","40.000","0.00%"
"Jul 04, 2022","40.000","40.000","40.000","40.000","0.00%"
"Jul 01, 2022","40.000","40.000","40.000","40.000","0.00%"
"Jun 30, 2022","40.000","40.000","40.000","40.000","0.00%"
"Jun 29, 2022","40.000","40.000","40.000","40.000","0.00%"
"Jun 28, 2022","40.000","40.000","40.000","40.000","0.00%"
"Jun 27, 2022","40.000","40.000","40.000","40.000","0.00%"
"Jun 24, 2022","40.000","40.000","40.000","40.000","0.00%"
"Jun 23, 2022","40.000","40.000","40.000","40.000","0.00%"
"Jun 22, 2022","40.000","40.000","40.000","40.000","0.00%"
"Jun 21, 2022","40.000","40.000","40.000","40.000","0.00%"
"Jun 20, 2022","40.000","40.000","40.000","40.000","0.00%"
"Jun 17, 2022","40.000","40.000","40.000","40.000","0.00%"
"Jun 16, 2022","40.000","40.000","40.000","40.000","0.00%"
"Jun 15, 2022","40.000","40.000","40.000","40.000","0.00%"
"Jun 14, 2022","40.000","40.000","40.000","40.000","0.00%"
"Jun 13, 2022","40.000","40.000","40.000","40.000","0.00%"
"Jun 10, 2022","40.000","40.000","40.000","40.000","0.00%"
"Jun 09, 2022","40.000","40.000","40.000","40.000","0.00%"
"Jun 08, 2022","40.000","40.000","40.000","40.000","0.00%"
"Jun 07, 2022","40.000","40.000","40.000","40.000","0.00%"
"Jun 06, 2022","40.000","40.000","40.000","40.000","0.00%"
"Jun 03, 2022","40.000","40.000","40.000","40.000","0.00%"
"Jun 02, 2022","40.000","40.000","40.000","40.000","0.00%"
"Jun 01, 2022","40.000","40.000","40.000","40.000","0.00%"
"May 31, 2022","40.000","40.000","40.000","40.000","0.00%"
"May 30, 2022","40.000","40.000","40.000","40.000","0.00%"
"May 27, 2022","40.000","40.000","40.000","40.000","0.00%"
"May 26, 2022","40.000","40.000","40.000","40.000","0.00%"
"May 25, 2022","40.000","40.000","40.000","40.000","0.00%"
"May 24, 2022","40.000","40.000","40.000","40.000","0.00%"
"May 23, 2022","40.000","40.000","40.000","40.000","0.00%"
"May 20, 2022","40.000","40.000","40.000","40.000","0.00%"
"May 19, 2022","40.000","40.000","40.000","40.000","0.00%"
"May 18, 2022","40.000","40.000","40.000","40.000","0.00%"
"May 17, 2022","40.000","40.000","40.000","40.000","0.00%"
"May 16, 2022","40.000","40.000","40.000","40.000","0.00%"
"May 13, 2022","40.000","40.000","40.000","40.000","0.00%"
"May 12, 2022","40.000","40.000","40.000","40.000","0.00%"
"May 11, 2022","40.000","40.000","40.000","40.000","0.00%"
"May 10, 2022","40.000","40.000","40.000","40.000","0.00%"
"May 06, 2022","40.000","40.000","40.000","40.000","0.00%"
"May 05, 2022","40.000","40.000","40.000","40.000","0.00%"
"May 04, 2022","40.000","40.000","40.000","40.000","0.00%"
"May 03, 2022","40.000","40.000","40.000","40.000","0.00%"
"Apr 29, 2022","40.000","40.000","40.000","40.000","0.00%"
"Apr 28, 2022","40.000","40.000","40.000","40.000","0.00%"
"Apr 27, 2022","40.000","40.000","40.000","40.000","0.00%"
"Apr 26, 2022","40.000","40.000","40.000","40.000","0.00%"
"Apr 25, 2022","40.000","40.000","40.000","40.000","0.00%"
"Apr 22, 2022","40.000","40.000","40.000","40.000","0.00%"
"Apr 21, 2022","40.000","40.000","40.000","40.000","0.00%"
"Apr 20, 2022","40.000","40.000","40.000","40.000","0.00%"
"Apr 19, 2022","40.000","40.000","40.000","40.000","0.00%"
"Apr 18, 2022","40.000","40.000","40.000","40.000","0.00%"
"Apr 15, 2022","40.000","40.000","40.000","40.000","0.00%"
"Apr 14, 2022","40.000","40.000","40.000","40.000","0.00%"
"Apr 13, 2022","40.000","40.000","40.000","40.000","0.00%"
"Apr 12, 2022","40.000","40.000","40.000","40.000","0.00%"
"Apr 11, 2022","40.000","40.000","40.000","40.000","0.00%"
"Apr 08, 2022","40.000","40.000","40.000","40.000","0.00%"
"Apr 07, 2022","40.000","40.000","40.000","40.000","0.00%"
"Apr 06, 2022","40.000","40.000","40.000","40.000","0.00%"
"Apr 05, 2022","40.000","40.000","40.000","40.000","0.00%"
"Apr 04, 2022","40.000","40.000","40.000","40.000","8.11%"
"Apr 01, 2022","37.000","37.000","37.000","37.000","0.00%"
"Mar 31, 2022","37.000","37.000","37.000","37.000","0.00%"
"Mar 30, 2022","37.000","37.000","37.000","37.000","0.00%"
"Mar 29, 2022","37.000","37.000","37.000","37.000","-2.63%"
"Mar 28, 2022","38.000","38.000","38.000","38.000","0.00%"
"Mar 25, 2022","38.000","38.000","38.000","38.000","0.00%"
"Mar 24, 2022","38.000","38.000","38.000","38.000","0.00%"
"Mar 23, 2022","38.000","38.000","38.000","38.000","0.00%"
"Mar 22, 2022","38.000","38.000","38.000","38.000","0.00%"
"Mar 21, 2022","38.000","38.000","38.000","38.000","0.00%"
"Mar 18, 2022","38.000","38.000","38.000","38.000","0.00%"
"Mar 17, 2022","38.000","38.000","38.000","38.000","-11.63%"
"Mar 16, 2022","43.000","43.000","43.000","43.000","0.00%"
"Mar 15, 2022","43.000","43.000","43.000","43.000","0.00%"
"Mar 14, 2022","43.000","43.000","43.000","43.000","0.00%"
"Mar 11, 2022","43.000","43.000","43.000","43.000","0.00%"
"Mar 10, 2022","43.000","43.000","43.000","43.000","0.00%"
"Mar 09, 2022","43.000","43.000","43.000","43.000","0.00%"
"Mar 04, 2022","43.000","43.000","43.000","43.000","0.00%"
"Mar 03, 2022","43.000","43.000","43.000","43.000","0.00%"
"Mar 02, 2022","43.000","43.000","43.000","43.000","79.17%"
"Mar 01, 2022","24.000","24.000","24.000","24.000","0.00%"
"Feb 28, 2022","24.000","24.000","24.000","24.000","14.29%"
"Feb 25, 2022","21.000","21.000","21.000","21.000","18.64%"
"Feb 24, 2022","17.700","17.700","17.700","17.700","14.12%"
"Feb 23, 2022","15.510","15.510","15.510","15.510","0.00%"
"Feb 22, 2022","15.510","15.510","15.510","15.510","2.38%"
"Feb 21, 2022","15.150","15.150","15.150","15.150","0.00%"
"Feb 18, 2022","15.150","15.150","15.150","15.150","0.00%"
"Feb 17, 2022","15.150","15.150","15.150","15.150","0.00%"
"Feb 16, 2022","15.150","15.150","15.150","15.150","0.00%"
"Feb 15, 2022","15.150","15.150","15.150","15.150","-4.42%"
"Feb 14, 2022","15.850","15.850","15.850","15.850","0.06%"
"Feb 11, 2022","15.840","15.840","15.840","15.840","0.00%"
"Feb 10, 2022","15.840","15.840","15.840","15.840","0.00%"
"Feb 09, 2022","15.840","15.840","15.840","15.840","0.00%"
"Feb 08, 2022","15.840","15.840","15.840","15.840","4.14%"
"Feb 07, 2022","15.210","15.210","15.210","15.210","0.07%"
"Feb 04, 2022","15.200","15.200","15.200","15.200","0.00%"
"Feb 03, 2022","15.200","15.200","15.200","15.200","0.00%"
"Feb 02, 2022","15.200","15.200","15.200","15.200","0.00%"
"Feb 01, 2022","15.200","15.200","15.200","15.200","-0.52%"
"Jan 31, 2022","15.280","15.280","15.280","15.280","8.29%"
"Jan 28, 2022","14.110","14.110","14.110","14.110","0.00%"
"Jan 27, 2022","14.110","14.110","14.110","14.110","0.00%"
"Jan 26, 2022","14.110","14.110","14.110","14.110","1.58%"
"Jan 25, 2022","13.890","13.890","13.890","13.890","0.00%"
"Jan 24, 2022","13.890","13.890","13.890","13.890","1.83%"
"Jan 21, 2022","13.640","13.640","13.640","13.640","0.00%"
"Jan 20, 2022","13.640","13.640","13.640","13.640","0.00%"
"Jan 19, 2022","13.640","13.640","13.640","13.640","0.00%"
"Jan 18, 2022","13.640","13.640","13.640","13.640","0.89%"
"Jan 17, 2022","13.520","13.520","13.520","13.520","0.00%"
"Jan 14, 2022","13.520","13.520","13.520","13.520","0.00%"
"Jan 13, 2022","13.520","13.520","13.520","13.520","0.00%"
"Jan 12, 2022","13.520","13.520","13.520","13.520","0.07%"
"Jan 11, 2022","13.510","13.510","13.510","13.510","-1.89%"
"Jan 10, 2022","13.770","13.770","13.770","13.770","0.00%"
"Jan 06, 2022","13.770","13.770","13.770","13.770","0.00%"
"Jan 05, 2022","13.770","13.770","13.770","13.770","0.36%"
"Jan 04, 2022","13.720","13.720","13.720","13.720","-0.22%"
"Dec 31, 2021","13.750","13.750","13.750","13.750","0.00%"
"Dec 30, 2021","13.750","13.750","13.750","13.750","0.00%"
"Dec 29, 2021","13.750","13.750","13.750","13.750","-0.94%"
"Dec 28, 2021","13.880","13.880","13.880","13.880","0.00%"
"Dec 24, 2021","13.880","13.880","13.880","13.880","0.00%"
"Dec 23, 2021","13.880","13.880","13.880","13.880","0.00%"
"Dec 22, 2021","13.880","13.880","13.880","13.880","0.00%"
"Dec 21, 2021","13.880","13.880","13.880","13.880","0.87%"
"Dec 20, 2021","13.760","13.760","13.760","13.760","0.00%"
"Dec 17, 2021","13.760","13.760","13.760","13.760","0.00%"
"Dec 16, 2021","13.760","13.760","13.760","13.760","0.07%"
"Dec 15, 2021","13.750","13.750","13.750","13.750","0.36%"
"Dec 14, 2021","13.700","13.700","13.700","13.700","-1.01%"
"Dec 13, 2021","13.840","13.840","13.840","13.840","0.00%"
"Dec 10, 2021","13.840","13.840","13.840","13.840","0.00%"
"Dec 09, 2021","13.840","13.840","13.840","13.840","0.00%"
"Dec 08, 2021","13.840","13.840","13.840","13.840","0.00%"
"Dec 07, 2021","13.840","13.840","13.840","13.840","1.10%"
"Dec 06, 2021","13.690","13.690","13.690","13.690","0.37%"
"Dec 03, 2021","13.640","13.640","13.640","13.640","0.37%"
"Dec 02, 2021","13.590","13.590","13.590","13.590","0.37%"
"Dec 01, 2021","13.540","13.540","13.540","13.540","1.12%"
"Nov 30, 2021","13.390","13.390","13.390","13.390","4.28%"
"Nov 29, 2021","12.840","12.840","12.840","12.840","0.00%"
"Nov 26, 2021","12.840","12.840","12.840","12.840","0.00%"
"Nov 25, 2021","12.840","12.840","12.840","12.840","0.00%"
"Nov 24, 2021","12.840","12.840","12.840","12.840","0.00%"
"Nov 23, 2021","12.840","12.840","12.840","12.840","0.39%"
"Nov 22, 2021","12.790","12.790","12.790","12.790","0.00%"
"Nov 19, 2021","12.790","12.790","12.790","12.790","0.00%"
"Nov 18, 2021","12.790","12.790","12.790","12.790","0.00%"
"Nov 17, 2021","12.790","12.790","12.790","12.790","0.00%"
"Nov 16, 2021","12.790","12.790","12.790","12.790","3.40%"
"Nov 15, 2021","12.370","12.370","12.370","12.370","0.00%"
"Nov 12, 2021","12.370","12.370","12.370","12.370","0.00%"
"Nov 11, 2021","12.370","12.370","12.370","12.370","0.00%"
"Nov 10, 2021","12.370","12.370","12.370","12.370","0.00%"
"Nov 09, 2021","12.370","12.370","12.370","12.370","-2.83%"
"Nov 08, 2021","12.730","12.730","12.730","12.730","0.00%"
"Nov 05, 2021","12.730","12.730","12.730","12.730","0.00%"
"Nov 04, 2021","12.730","12.730","12.730","12.730","0.00%"
"Nov 03, 2021","12.730","12.730","12.730","12.730","0.00%"
"Nov 02, 2021","12.730","12.730","12.730","12.730","0.47%"
"Nov 01, 2021","12.670","12.670","12.670","12.670","0.00%"
"Oct 29, 2021","12.670","12.670","12.670","12.670","1.04%"
"Oct 28, 2021","12.540","12.540","12.540","12.540","0.00%"
"Oct 27, 2021","12.540","12.540","12.540","12.540","0.00%"
"Oct 26, 2021","12.540","12.540","12.540","12.540","0.48%"
"Oct 25, 2021","12.480","12.480","12.480","12.480","0.00%"
"Oct 22, 2021","12.480","12.480","12.480","12.480","0.00%"
"Oct 21, 2021","12.480","12.480","12.480","12.480","0.00%"
"Oct 20, 2021","12.480","12.480","12.480","12.480","0.08%"
"Oct 19, 2021","12.470","12.470","12.470","12.470","0.48%"
"Oct 18, 2021","12.410","12.410","12.410","12.410","0.08%"
"Oct 13, 2021","12.400","12.400","12.400","12.400","0.00%"
"Oct 12, 2021","12.400","12.400","12.400","12.400","-1.98%"
"Oct 11, 2021","12.650","12.650","12.650","12.650","0.00%"
"Oct 08, 2021","12.650","12.650","12.650","12.650","0.00%"
"Oct 07, 2021","12.650","12.650","12.650","12.650","-9.84%"
"Oct 06, 2021","14.030","14.030","14.030","14.030","0.21%"
"Oct 05, 2021","14.000","14.000","14.000","14.000","0.00%"
"Oct 01, 2021","14.000","14.000","14.000","14.000","0.00%"
"Sep 30, 2021","14.000","14.000","14.000","14.000","0.00%"
"Sep 29, 2021","14.000","14.000","14.000","14.000","1.82%"
"Sep 28, 2021","13.750","13.750","13.750","13.750","0.00%"
"Sep 27, 2021","13.750","13.750","13.750","13.750","0.00%"
"Sep 24, 2021","13.750","13.750","13.750","13.750","-1.79%"
"Sep 23, 2021","14.000","14.000","14.000","14.000","1.82%"
"Sep 22, 2021","13.750","13.750","13.750","13.750","0.00%"
"Sep 21, 2021","13.750","13.750","13.750","13.750","0.00%"
"Sep 20, 2021","13.750","13.750","13.750","13.750","0.00%"
"Sep 17, 2021","13.750","13.750","13.750","13.750","-0.51%"
"Sep 16, 2021","13.820","13.820","13.820","13.820","0.51%"
"Sep 15, 2021","13.750","13.750","13.750","13.750","0.00%"
"Sep 14, 2021","13.750","13.750","13.750","13.750","-0.22%"
"Sep 13, 2021","13.780","13.780","13.780","13.780","0.22%"
"Sep 10, 2021","13.750","13.750","13.750","13.750","-0.22%"
"Sep 09, 2021","13.780","13.780","13.780","13.780","-0.14%"
"Sep 08, 2021","13.800","13.800","13.800","13.800","0.36%"
"Sep 07, 2021","13.750","13.750","13.750","13.750","-0.72%"
"Sep 06, 2021","13.850","13.850","13.850","13.850","0.00%"
"Sep 03, 2021","13.850","13.850","13.850","13.850","0.73%"
"Sep 02, 2021","13.750","13.750","13.750","13.750","-1.79%"
"Sep 01, 2021","14.000","14.000","14.000","14.000","1.82%"
"Aug 31, 2021","13.750","13.750","13.750","13.750","-0.72%"
"Aug 30, 2021","13.850","13.850","13.850","13.850","0.73%"
"Aug 28, 2021","13.750","13.750","13.750","13.750","-1.79%"
"Aug 27, 2021","14.000","14.000","14.000","14.000","1.82%"
"Aug 26, 2021","13.750","13.750","13.750","13.750","-0.72%"
"Aug 25, 2021","13.850","13.850","13.850","13.850","0.00%"
"Aug 20, 2021","13.850","13.850","13.850","13.850","-0.36%"
"Aug 19, 2021","13.900","13.900","13.900","13.900","-0.71%"
"Aug 18, 2021","14.000","14.000","14.000","14.000","1.82%"
"Aug 17, 2021","13.750","13.750","13.750","13.750","-0.72%"
"Aug 16, 2021","13.850","13.850","13.850","13.850","0.00%"
"Aug 13, 2021","13.850","13.850","13.850","13.850","-1.07%"
"Aug 12, 2021","14.000","14.000","14.000","14.000","1.08%"
"Aug 11, 2021","13.850","13.850","13.850","13.850","0.73%"
"Aug 10, 2021","13.750","13.750","13.750","13.750","-0.58%"
"Aug 09, 2021","13.830","13.830","13.830","13.830","0.58%"
"Aug 06, 2021","13.750","13.750","13.750","13.750","-1.79%"
"Aug 05, 2021","14.000","14.000","14.000","14.000","1.82%"
"Aug 04, 2021","13.750","13.750","13.750","13.750","0.00%"
"Aug 03, 2021","13.750","13.750","13.750","13.750","0.00%"
"Aug 02, 2021","13.750","13.750","13.750","13.750","0.00%"
"Jul 30, 2021","13.750","13.750","13.750","13.750","0.00%"
"Jul 29, 2021","13.750","13.750","13.750","13.750","1.85%"
"Jul 28, 2021","13.500","13.500","13.500","13.500","0.00%"
"Jul 27, 2021","13.500","13.500","13.500","13.500","0.00%"
"Jul 26, 2021","13.500","13.500","13.500","13.500","0.00%"
"Jul 23, 2021","13.500","13.500","13.500","13.500","0.00%"
"Jul 22, 2021","13.500","13.500","13.500","13.500","0.00%"
"Jul 21, 2021","13.500","13.500","13.500","13.500","0.00%"
"Jul 20, 2021","13.500","13.500","13.500","13.500","0.52%"
"Jul 19, 2021","13.430","13.430","13.430","13.430","-0.52%"
"Jul 16, 2021","13.500","13.500","13.500","13.500","0.52%"
"Jul 15, 2021","13.430","13.430","13.430","13.430","0.98%"
"Jul 14, 2021","13.300","13.300","13.300","13.300","0.38%"
"Jul 13, 2021","13.250","13.250","13.250","13.250","-1.34%"
"Jul 12, 2021","13.430","13.430","13.430","13.430","-0.52%"
"Jul 09, 2021","13.500","13.500","13.500","13.500","1.50%"
"Jul 08, 2021","13.300","13.300","13.300","13.300","-1.48%"
"Jul 07, 2021","13.500","13.500","13.500","13.500","0.75%"
"Jul 06, 2021","13.400","13.400","13.400","13.400","0.00%"
"Jul 05, 2021","13.400","13.400","13.400","13.400","0.00%"
"Jul 02, 2021","13.400","13.400","13.400","13.400","0.00%"
"Jul 01, 2021","13.400","13.400","13.400","13.400","0.75%"
"Jun 30, 2021","13.300","13.300","13.300","13.300","-0.75%"
"Jun 29, 2021","13.400","13.400","13.400","13.400","0.00%"
"Jun 25, 2021","13.400","13.400","13.400","13.400","0.00%"
"Jun 24, 2021","13.400","13.400","13.400","13.400","1.13%"
"Jun 23, 2021","13.250","13.250","13.250","13.250","-1.12%"
"Jun 22, 2021","13.400","13.400","13.400","13.400","1.13%"
"Jun 18, 2021","13.250","13.250","13.250","13.250","0.00%"
"Jun 17, 2021","13.250","13.250","13.250","13.250","0.00%"
"Jun 16, 2021","13.250","13.250","13.250","13.250","-1.12%"
"Jun 15, 2021","13.400","13.400","13.400","13.400","0.00%"
"Jun 14, 2021","13.400","13.400","13.400","13.400","1.52%"
"Jun 11, 2021","13.200","13.200","13.200","13.200","-0.38%"
"Jun 10, 2021","13.250","13.250","13.250","13.250","-1.12%"
"Jun 09, 2021","13.400","13.400","13.400","13.400","0.00%"
"Jun 08, 2021","13.400","13.400","13.400","13.400","0.00%"
"Jun 07, 2021","13.400","13.400","13.400","13.400","0.00%"
"Jun 04, 2021","13.400","13.400","13.400","13.400","1.13%"
"Jun 03, 2021","13.250","13.250","13.250","13.250","0.38%"
"Jun 02, 2021","13.200","13.200","13.200","13.200","-1.49%"
"Jun 01, 2021","13.400","13.400","13.400","13.400","1.13%"
"May 31, 2021","13.250","13.250","13.250","13.250","0.00%"
"May 28, 2021","13.250","13.250","13.250","13.250","0.00%"
"May 27, 2021","13.250","13.250","13.250","13.250","-4.19%"
"May 26, 2021","13.830","13.830","13.830","13.830","-1.21%"
"May 25, 2021","14.000","14.000","14.000","14.000","3.70%"
"May 24, 2021","13.500","13.500","13.500","13.500","-3.57%"
"May 21, 2021","14.000","14.000","14.000","14.000","0.00%"
"May 20, 2021","14.000","14.000","14.000","14.000","0.86%"
"May 19, 2021","13.880","13.880","13.880","13.880","0.00%"
"May 18, 2021","13.880","13.880","13.880","13.880","2.81%"
"May 17, 2021","13.500","13.500","13.500","13.500","-1.82%"
"May 14, 2021","13.750","13.750","13.750","13.750","0.00%"
"May 13, 2021","13.750","13.750","13.750","13.750","0.00%"
"May 12, 2021","13.750","13.750","13.750","13.750","-3.51%"
"May 11, 2021","14.250","14.250","14.250","14.250","1.28%"
"May 07, 2021","14.070","14.070","14.070","14.070","0.00%"
"May 06, 2021","14.070","14.070","14.070","14.070","0.00%"
"May 05, 2021","14.070","14.070","14.070","14.070","0.50%"
"Apr 30, 2021","14.000","14.000","14.000","14.000","0.00%"
"Apr 29, 2021","14.000","14.000","14.000","14.000","0.00%"
"Apr 28, 2021","14.000","14.000","14.000","14.000","0.07%"
"Apr 27, 2021","13.990","13.990","13.990","13.990","-0.07%"
"Apr 26, 2021","14.000","14.000","14.000","14.000","0.00%"
"Apr 23, 2021","14.000","14.000","14.000","14.000","0.00%"
"Apr 22, 2021","14.000","14.000","14.000","14.000","-3.45%"
"Apr 21, 2021","14.500","14.500","14.500","14.500","3.72%"
"Apr 20, 2021","13.980","13.980","13.980","13.980","-0.14%"
"Apr 19, 2021","14.000","14.000","14.000","14.000","0.00%"
"Apr 16, 2021","14.000","14.000","14.000","14.000","-3.45%"
"Apr 15, 2021","14.500","14.500","14.500","14.500","9.43%"
"Apr 14, 2021","13.250","13.250","13.250","13.250","-3.64%"
"Apr 13, 2021","13.750","13.750","13.750","13.750","0.00%"
"Apr 12, 2021","13.750","13.750","13.750","13.750","0.00%"
"Apr 09, 2021","13.750","13.750","13.750","13.750","1.33%"
"Apr 08, 2021","13.570","13.570","13.570","13.570","0.00%"
"Apr 07, 2021","13.570","13.570","13.570","13.570","2.42%"
"Apr 06, 2021","13.250","13.250","13.250","13.250","-2.36%"
"Apr 05, 2021","13.570","13.570","13.570","13.570","-3.07%"
"Apr 02, 2021","14.000","14.000","14.000","14.000","5.66%"
"Apr 01, 2021","13.250","13.250","13.250","13.250","-0.38%"
"Mar 31, 2021","13.300","13.300","13.300","13.300","0.30%"
"Mar 30, 2021","13.260","13.260","13.260","13.260","-5.29%"
"Mar 29, 2021","14.000","14.000","14.000","14.000","5.66%"
"Mar 26, 2021","13.250","13.250","13.250","13.250","2.32%"
"Mar 25, 2021","12.950","12.950","12.950","12.950","-2.26%"
"Mar 24, 2021","13.250","13.250","13.250","13.250","0.00%"
"Mar 23, 2021","13.250","13.250","13.250","13.250","0.00%"
"Mar 22, 2021","13.250","13.250","13.250","13.250","0.00%"
"Mar 19, 2021","13.250","13.250","13.250","13.250","0.00%"
"Mar 18, 2021","13.250","13.250","13.250","13.250","0.00%"
"Mar 17, 2021","13.250","13.250","13.250","13.250","-1.85%"
"Mar 16, 2021","13.500","13.500","13.500","13.500","1.89%"
"Mar 15, 2021","13.250","13.250","13.250","13.250","-1.85%"
"Mar 12, 2021","13.500","13.500","13.500","13.500","1.89%"
"Mar 11, 2021","13.250","13.250","13.250","13.250","-1.85%"
"Mar 10, 2021","13.500","13.500","13.500","13.500","1.89%"
"Mar 09, 2021","13.250","13.250","13.250","13.250","-5.36%"
"Mar 05, 2021","14.000","14.000","14.000","14.000","6.06%"
"Mar 04, 2021","13.200","13.200","13.200","13.200","-0.38%"
"Mar 03, 2021","13.250","13.250","13.250","13.250","0.00%"